COUNTY_NAME,AMERICAN INDIAN OR ALASKA NATIVE,ASIAN OR PACIFIC ISLANDER,BLACK OR AFRICAN AMERICAN,ECONOMICALLY DISADVANTAGED,FEMALE,FORMERLY LIMITED ENGLISH PROFICIENT,GENERAL EDUCATION STUDENTS,HISPANIC OR LATINO,LIMITED ENGLISH PROFICIENT,MALE,MIGRANT,MULTIRACIAL,NOT ECONOMICALLY DISADVANTAGED,NOT LIMITED ENGLISH PROFICIENT,NOT MIGRANT,STUDENTS WITH DISABILITIES,WHITE,PCT_GRAD,COUNTY_CODE,ENGLISH LANGUAGE LEARNERS,NON-ENGLISH LANGUAGE LEARNERS,ENGLISH LANGUAGE LEARNER,NOT ENGLISH LANGUAGE LEARNER,FORMERLY ENGLISH LANGUAGE LEARNER,AMERICAN INDIAN/ALASKA NATIVE,ASIAN/PACIFIC ISLANDER,BLACK,HISPANIC,HOMELESS,IN FOSTER CARE,NOT HOMELESS,NOT IN FOSTER CARE,PARENT NOT IN ARMED FORCES,PARENT IN ARMED FORCES
ALBANY,0.11,6.27,18.71,27.77,49.37,0.68,88.01,5.38,2.28,50.63,0.04,1.64,72.23,97.72,99.96,11.99,67.9,84.51,1,,,,,,,,,,,,,,,
ALLEGANY,0.1,0.84,0.69,40.52,48.37,0.05,87.46,0.59,0.0,51.63,0.25,0.54,59.48,100.0,99.75,12.54,97.24,89.04,2,,,,,,,,,,,,,,,
BRONX,0.69,6.49,29.55,75.41,48.46,3.61,82.45,59.11,13.19,51.54,0.0,0.15,24.59,86.81,100.0,17.55,4.0,66.6,32,,,,,,,,,,,,,,,
BROOME,0.23,3.28,8.06,38.54,49.53,0.2,85.35,3.97,0.55,50.47,0.01,2.21,61.46,99.45,99.99,14.65,82.25,86.86,3,,,,,,,,,,,,,,,
CATTARAUGUS,6.5,1.14,2.08,39.48,49.21,0.15,87.52,1.54,0.05,50.79,0.05,1.02,60.52,99.95,99.95,12.48,87.72,85.81,4,,,,,,,,,,,,,,,
CAYUGA,0.52,1.21,3.99,33.24,49.31,0.1,90.73,2.06,0.13,50.69,0.13,1.15,66.76,99.87,99.87,9.27,91.06,85.69,5,,,,,,,,,,,,,,,
CHAUTAUQUA,1.21,0.67,2.53,41.11,48.11,0.56,89.24,9.99,1.48,51.89,0.31,2.25,58.89,98.52,99.69,10.76,83.35,86.7,6,,,,,,,,,,,,,,,
CHEMUNG,0.24,1.53,10.37,35.85,49.72,0.03,88.6,2.68,0.12,50.28,0.0,1.47,64.15,99.88,100.0,11.4,83.71,76.08,7,,,,,,,,,,,,,,,
CHENANGO,0.36,0.65,1.38,46.35,50.36,0.04,84.93,2.07,0.04,49.64,0.57,0.12,53.65,99.96,99.43,15.07,95.42,88.57,8,,,,,,,,,,,,,,,
CLINTON,0.03,1.26,2.31,37.62,49.7,0.05,83.53,0.69,0.11,50.3,0.05,0.25,62.38,99.89,99.95,16.47,95.47,86.03,9,,,,,,,,,,,,,,,
COLUMBIA,0.08,3.11,7.64,35.43,47.05,0.32,85.15,4.98,1.55,52.95,0.72,1.31,64.57,98.45,99.28,14.85,82.88,85.51,10,,,,,,,,,,,,,,,
CORTLAND,0.24,1.22,2.49,36.96,49.93,0.0,84.35,2.49,0.2,50.07,0.15,0.44,63.04,99.8,99.85,15.65,93.13,85.86,11,,,,,,,,,,,,,,,
DELAWARE,0.28,1.55,0.94,47.57,50.66,0.11,82.62,3.97,0.39,49.34,0.06,0.83,52.43,99.61,99.94,17.38,92.44,89.02,12,,,,,,,,,,,,,,,
DUTCHESS,0.08,3.9,12.25,27.33,49.14,0.34,87.26,11.19,0.8,50.86,0.05,0.79,72.67,99.2,99.95,12.74,71.78,86.72,13,,,,,,,,,,,,,,,
ERIE,0.92,3.74,18.93,36.2,50.34,0.6,87.13,6.23,3.15,49.66,0.02,1.16,63.8,96.85,99.98,12.87,69.01,84.71,14,,,,,,,,,,,,,,,
ESSEX,0.31,0.93,0.62,44.82,49.0,0.0,85.47,0.7,0.0,51.0,0.0,0.93,55.18,100.0,100.0,14.53,96.52,89.8,15,,,,,,,,,,,,,,,
FRANKLIN,13.0,0.89,0.52,47.84,48.97,0.0,82.6,0.44,0.08,51.03,0.89,0.28,52.16,99.92,99.11,17.4,84.86,83.57,16,,,,,,,,,,,,,,,
FULTON,0.24,1.38,3.15,44.89,50.71,0.0,86.03,1.81,0.12,49.29,0.04,0.47,55.11,99.88,99.96,13.97,92.96,80.68,17,,,,,,,,,,,,,,,
GENESEE,0.11,0.63,3.36,34.1,50.89,0.15,88.89,2.84,0.26,49.11,0.15,1.99,65.9,99.74,99.85,11.11,91.07,91.99,18,,,,,,,,,,,,,,,
GREENE,0.39,1.21,4.1,38.9,49.47,0.0,85.04,4.39,0.19,50.53,0.05,1.45,61.1,99.81,99.95,14.96,88.47,87.45,19,,,,,,,,,,,,,,,
HAMILTON,0.0,0.71,0.0,33.33,46.1,0.0,85.11,0.0,0.0,53.9,0.0,2.84,66.67,100.0,100.0,14.89,96.45,85.82,20,,,,,,,,,,,,,,,
HERKIMER,0.14,0.64,1.93,39.0,49.8,0.0,85.8,1.18,0.07,50.2,0.36,0.54,61.0,99.93,99.64,14.2,95.56,86.8,21,,,,,,,,,,,,,,,
JEFFERSON,0.6,1.63,5.47,38.95,49.27,0.14,84.3,4.88,0.28,50.73,0.04,2.21,61.05,99.72,99.96,15.7,85.21,86.81,22,,,,,,,,,,,,,,,
KINGS,0.42,16.7,43.22,68.67,48.25,3.03,86.36,25.64,9.21,51.75,0.0,0.21,31.33,90.79,100.0,13.64,13.8,73.63,33,,,,,,,,,,,,,,,
LEWIS,0.0,0.48,0.72,44.11,49.6,0.0,87.34,1.43,0.0,50.4,0.0,0.48,55.89,100.0,100.0,12.66,96.89,90.13,23,,,,,,,,,,,,,,,
LIVINGSTON,0.0,0.98,1.96,30.45,49.19,0.23,88.75,2.6,0.41,50.81,0.15,0.94,69.55,99.59,99.85,11.25,93.53,90.85,24,,,,,,,,,,,,,,,
MADISON,0.99,0.99,1.28,31.1,46.9,0.12,87.1,1.31,0.42,53.1,0.06,0.96,68.9,99.58,99.94,12.9,94.48,89.22,25,,,,,,,,,,,,,,,
MONROE,0.19,4.36,21.72,37.63,49.63,0.64,87.64,9.93,2.9,50.37,0.01,1.03,62.37,97.1,99.99,12.36,62.77,84.58,26,,,,,,,,,,,,,,,
MONTGOMERY,0.22,0.8,4.07,42.08,50.04,0.22,82.92,18.63,1.64,49.96,0.13,0.66,57.92,98.36,99.87,17.08,75.62,76.95,27,,,,,,,,,,,,,,,
NASSAU,0.11,11.18,13.46,20.86,48.95,1.22,89.68,16.82,2.6,51.05,0.0,0.28,79.14,97.4,100.0,10.32,58.15,93.34,28,,,,,,,,,,,,,,,
NEW YORK,0.57,15.11,26.35,66.94,54.23,2.78,87.11,46.65,9.82,45.77,0.0,0.46,33.06,90.18,100.0,12.89,10.86,74.72,31,,,,,,,,,,,,,,,
NIAGARA,2.11,1.28,11.14,32.78,49.06,0.17,87.84,2.65,0.34,50.94,0.12,1.34,67.22,99.66,99.88,12.16,81.48,86.4,40,,,,,,,,,,,,,,,
ONEIDA,0.29,5.71,8.25,39.55,49.78,0.91,86.95,5.18,3.62,50.22,0.03,0.81,60.45,96.38,99.97,13.05,79.76,86.1,41,,,,,,,,,,,,,,,
ONONDAGA,1.18,4.3,16.8,34.32,49.41,0.69,87.37,4.94,3.62,50.59,0.05,1.47,65.68,96.38,99.95,12.63,71.31,83.25,42,,,,,,,,,,,,,,,
ONTARIO,0.3,1.14,3.57,27.42,49.46,0.15,90.28,4.32,0.6,50.54,0.13,1.35,72.58,99.4,99.87,9.72,89.33,91.35,43,,,,,,,,,,,,,,,
ORANGE,0.18,3.04,13.95,34.42,49.38,0.55,88.55,22.12,1.5,50.62,0.08,0.53,65.58,98.5,99.92,11.45,60.19,88.76,44,,,,,,,,,,,,,,,
ORLEANS,0.56,0.81,3.87,39.97,47.35,0.2,87.78,5.55,0.56,52.65,1.02,2.14,60.03,99.44,98.98,12.22,87.07,89.61,45,,,,,,,,,,,,,,,
OSWEGO,0.28,0.76,1.27,44.13,49.88,0.03,86.91,2.32,0.29,50.12,0.17,0.57,55.87,99.71,99.83,13.09,94.8,81.47,46,,,,,,,,,,,,,,,
OTSEGO,0.0,1.63,2.93,39.69,49.13,0.04,85.24,2.81,0.0,50.87,0.12,0.24,60.31,100.0,99.88,14.76,92.4,87.27,47,,,,,,,,,,,,,,,
PUTNAM,0.13,2.55,2.25,14.04,48.6,0.32,86.94,14.31,0.85,51.4,0.0,0.87,85.96,99.15,100.0,13.06,79.88,93.89,48,,,,,,,,,,,,,,,
QUEENS,0.8,28.92,22.25,66.42,48.5,3.59,89.11,35.79,10.85,51.5,0.0,0.18,33.58,89.15,100.0,10.89,12.05,77.28,34,,,,,,,,,,,,,,,
RENSSELAER,0.12,1.71,10.45,32.12,49.95,0.34,86.02,4.87,0.55,50.05,0.03,1.68,67.88,99.45,99.97,13.98,81.17,89.08,49,,,,,,,,,,,,,,,
RICHMOND,0.44,10.06,15.25,47.98,48.38,1.28,83.86,22.96,2.29,51.62,0.0,0.22,52.02,97.71,100.0,16.14,51.08,81.03,35,,,,,,,,,,,,,,,
ROCKLAND,0.24,8.79,17.45,27.94,49.58,2.46,88.64,21.47,4.96,50.42,0.0,0.62,72.06,95.04,100.0,11.36,51.43,88.85,50,,,,,,,,,,,,,,,
SAINT LAWRENCE,3.76,1.1,1.49,44.21,48.93,0.04,85.08,0.86,0.02,51.07,0.37,0.22,55.79,99.98,99.63,14.92,92.57,85.26,51,,,,,,,,,,,,,,,
SARATOGA,0.12,2.15,2.02,18.29,48.94,0.15,90.61,1.92,0.32,51.06,0.01,0.7,81.71,99.68,99.99,9.39,93.1,90.31,52,,,,,,,,,,,,,,,
SCHENECTADY,0.13,10.09,16.36,39.07,49.64,0.39,88.17,7.77,0.99,50.36,0.0,0.53,60.93,99.01,100.0,11.83,65.13,79.71,53,,,,,,,,,,,,,,,
SCHOHARIE,0.0,0.44,1.46,42.22,47.56,0.0,87.11,2.22,0.0,52.44,0.0,0.63,57.78,100.0,100.0,12.89,95.24,81.84,54,,,,,,,,,,,,,,,
SCHUYLER,0.48,0.48,1.45,37.48,49.92,0.0,90.47,2.1,0.32,50.08,0.0,0.97,62.52,99.68,100.0,9.53,94.51,87.72,55,,,,,,,,,,,,,,,
SENECA,0.15,1.14,3.5,32.83,52.74,0.15,85.41,3.12,0.0,47.26,0.3,0.38,67.17,100.0,99.7,14.59,91.72,87.01,56,,,,,,,,,,,,,,,
STEUBEN,0.3,1.41,2.01,39.85,49.19,0.05,85.55,1.5,0.11,50.81,0.05,1.12,60.15,99.89,99.95,14.45,93.67,86.26,57,,,,,,,,,,,,,,,
SUFFOLK,0.26,4.14,9.1,26.9,48.88,1.03,88.46,18.68,2.8,51.12,0.04,0.62,73.1,97.2,99.96,11.54,67.19,91.82,58,,,,,,,,,,,,,,,
SULLIVAN,0.25,1.58,12.42,42.6,48.68,0.67,87.06,17.59,1.27,51.32,0.56,0.63,57.4,98.73,99.44,12.94,67.53,82.62,59,,,,,,,,,,,,,,,
TIOGA,0.04,0.64,1.33,40.46,49.62,0.0,88.58,1.24,0.04,50.38,0.04,0.3,59.54,99.96,99.96,11.42,96.45,89.05,60,,,,,,,,,,,,,,,
TOMPKINS,0.26,6.82,6.82,30.3,49.65,0.06,86.6,3.5,1.1,50.35,0.06,2.31,69.7,98.9,99.94,13.4,80.3,88.56,61,,,,,,,,,,,,,,,
ULSTER,0.38,2.0,8.54,36.23,48.67,0.16,85.19,10.45,0.67,51.33,0.05,1.18,63.77,99.33,99.95,14.81,77.44,86.58,62,,,,,,,,,,,,,,,
WARREN,0.25,1.85,2.2,28.97,49.14,0.1,87.09,1.69,0.19,50.86,0.0,0.41,71.03,99.81,100.0,12.91,93.59,86.65,63,,,,,,,,,,,,,,,
WASHINGTON,0.25,0.51,1.01,37.56,49.53,0.0,86.91,1.08,0.0,50.47,0.25,0.47,62.44,100.0,99.75,13.09,96.67,83.66,64,,,,,,,,,,,,,,,
WAYNE,0.3,0.98,4.55,36.25,48.59,0.17,88.99,4.7,0.41,51.41,0.26,1.78,63.75,99.59,99.74,11.01,87.68,89.93,65,,,,,,,,,,,,,,,
WESTCHESTER,0.14,5.65,15.15,32.53,49.71,1.37,87.31,26.6,3.18,50.29,0.0,0.99,67.47,96.82,100.0,12.69,51.46,89.45,66,,,,,,,,,,,,,,,
WYOMING,0.15,0.74,0.52,32.15,49.15,0.15,87.44,1.18,0.0,50.85,0.0,1.18,67.85,100.0,100.0,12.56,96.23,91.06,67,,,,,,,,,,,,,,,
YATES,0.12,0.12,0.6,43.77,50.06,0.12,87.18,1.93,0.85,49.94,0.85,0.85,56.23,99.15,99.15,12.82,96.37,85.73,68,,,,,,,,,,,,,,,
ALBANY,0.0,6.08,18.39,30.12,47.2,,82.78,5.58,,48.12,0.0,0.75,69.81,,0.0,11.99,62.4,84.85,1,1.63,40.52,,,,,,,,,,,,,
ALLEGANY,0.0,0.0,0.0,42.95,48.51,,55.69,0.0,,51.49,0.0,0.0,57.05,,0.0,8.39,18.64,90.34,2,0.0,0.0,,,,,,,,,,,,,
BRONX,0.12,4.96,19.32,71.53,47.47,,74.91,55.73,,51.14,0.0,0.27,24.94,,0.0,17.99,2.71,69.83,32,11.41,50.71,,,,,,,,,,,,,
BROOME,0.0,2.18,7.64,41.19,49.83,,85.46,3.71,,50.17,0.0,1.66,58.81,,0.0,14.19,74.04,87.61,3,0.4,21.34,,,,,,,,,,,,,
CATTARAUGUS,3.42,0.0,1.3,42.61,48.53,,81.17,0.13,,51.47,0.0,0.43,57.39,,0.0,12.02,53.43,87.68,4,0.0,0.0,,,,,,,,,,,,,
CAYUGA,0.0,0.0,4.19,36.29,48.89,,76.14,0.8,,51.11,0.0,0.53,63.71,,0.0,8.14,56.46,86.24,5,0.0,0.0,,,,,,,,,,,,,
CHAUTAUQUA,0.74,0.0,0.97,45.98,49.26,,79.0,9.4,,50.74,0.26,1.93,54.02,,7.25,10.57,36.09,87.52,6,1.4,31.55,,,,,,,,,,,,,
CHEMUNG,0.0,0.94,10.12,41.46,48.91,,88.91,1.79,,51.09,0.0,0.15,58.54,,0.0,11.09,79.59,76.79,7,0.0,0.0,,,,,,,,,,,,,
CHENANGO,0.0,0.0,0.0,49.17,50.41,,81.3,0.25,,49.59,0.0,0.0,50.83,,0.0,13.85,29.35,89.59,8,0.0,0.0,,,,,,,,,,,,,
CLINTON,0.0,0.0,1.39,39.8,49.38,,79.33,0.0,,50.62,0.0,0.0,60.2,,0.0,16.5,53.37,86.37,9,0.0,0.0,,,,,,,,,,,,,
COLUMBIA,0.0,2.15,6.02,38.21,45.73,,76.61,1.85,,52.86,0.53,0.92,60.38,,11.35,15.22,69.13,86.54,10,0.53,12.18,,,,,,,,,,,,,
CORTLAND,0.0,0.0,2.0,37.38,47.22,,84.31,0.49,,52.78,0.0,0.0,62.62,,0.0,15.69,42.3,86.89,11,0.0,0.0,,,,,,,,,,,,,
DELAWARE,0.0,0.0,0.0,46.02,51.0,,59.94,0.52,,47.51,0.0,0.0,50.89,,0.0,13.3,31.92,90.49,12,0.0,0.0,,,,,,,,,,,,,
DUTCHESS,0.0,2.81,10.9,28.12,49.79,,86.54,11.47,,50.21,0.0,0.4,71.88,,0.0,12.53,70.18,87.96,13,0.42,13.87,,,,,,,,,,,,,
ERIE,0.28,3.11,18.48,37.78,50.14,,85.1,5.29,,49.72,0.0,0.36,61.65,,0.0,12.77,65.43,85.96,14,2.62,18.97,,,,,,,,,,,,,
ESSEX,0.0,0.0,0.0,44.94,44.21,,53.3,0.0,,47.11,0.0,0.0,49.2,,0.0,10.85,0.0,90.68,15,0.0,0.0,,,,,,,,,,,,,
FRANKLIN,12.14,0.0,0.0,47.59,48.43,,81.6,0.0,,51.57,0.0,0.0,52.41,,0.0,17.47,30.41,85.17,16,0.0,0.0,,,,,,,,,,,,,
FULTON,0.0,0.2,2.3,46.71,49.68,,84.6,1.51,,50.32,0.0,0.0,53.29,,0.0,15.4,73.65,80.87,17,0.0,0.0,,,,,,,,,,,,,
GENESEE,0.0,0.0,2.51,38.31,48.82,,76.77,0.43,,51.18,0.0,1.74,61.69,,0.0,10.75,40.47,92.19,18,0.0,0.0,,,,,,,,,,,,,
GREENE,0.0,0.0,3.05,39.59,50.54,,70.83,2.6,,49.46,0.0,0.79,60.41,,0.0,13.75,68.42,88.36,19,0.0,0.0,,,,,,,,,,,,,
HAMILTON,0.0,0.0,0.0,25.77,24.74,,8.25,0.0,,28.87,0.0,0.0,20.62,,0.0,5.15,0.0,89.69,20,0.0,0.0,,,,,,,,,,,,,
HERKIMER,0.0,0.0,0.2,42.57,49.44,,76.26,0.0,,50.05,0.0,0.0,55.52,,0.0,12.81,38.91,87.29,21,0.0,0.0,,,,,,,,,,,,,
JEFFERSON,0.0,0.62,5.17,41.94,49.57,,78.35,4.27,,50.43,0.0,1.21,56.99,,0.0,14.91,58.64,88.29,22,0.0,0.0,,,,,,,,,,,,,
KINGS,0.04,15.28,39.18,68.69,47.26,,80.55,21.4,,51.15,0.0,0.37,30.33,,0.0,14.59,12.91,75.78,33,7.02,49.44,,,,,,,,,,,,,
LEWIS,0.0,0.0,0.0,44.36,50.41,,71.49,0.0,,49.59,0.0,0.0,55.64,,0.0,12.09,7.35,90.69,23,0.0,0.0,,,,,,,,,,,,,
LIVINGSTON,0.0,0.0,0.0,30.11,49.27,,77.01,0.0,,50.73,0.0,0.0,69.89,,0.0,9.19,48.65,90.78,24,0.0,0.0,,,,,,,,,,,,,
MADISON,0.21,0.0,0.0,33.72,48.48,,74.73,0.0,,51.18,0.0,0.18,65.94,,0.0,12.04,66.22,89.43,25,0.0,0.0,,,,,,,,,,,,,
MONROE,0.0,3.45,20.54,37.54,49.74,,86.04,9.48,,49.04,0.0,0.76,59.75,,0.0,12.05,62.07,85.95,26,2.47,28.46,,,,,,,,,,,,,
MONTGOMERY,0.0,0.0,1.6,46.28,50.8,,82.93,15.87,,49.2,0.0,0.22,53.72,,0.0,17.07,48.18,81.16,27,1.46,46.5,,,,,,,,,,,,,
NASSAU,0.02,10.23,12.51,24.12,49.14,,88.53,17.19,,50.83,0.0,0.13,75.75,,0.0,10.89,56.36,93.73,28,2.29,38.91,,,,,,,,,,,,,
NEW YORK,0.09,13.21,22.71,65.86,53.47,,77.07,43.21,,45.53,0.0,0.22,33.12,,0.0,13.47,9.33,77.37,31,8.05,36.56,,,,,,,,,,,,,
NIAGARA,1.98,0.84,10.74,35.26,48.09,,85.97,1.69,,51.91,0.0,0.87,64.74,,0.0,12.73,77.14,86.57,40,0.0,0.0,,,,,,,,,,,,,
ONEIDA,0.0,5.56,7.73,43.67,49.08,,84.09,1.86,,50.92,0.0,0.26,56.33,,0.0,12.37,61.05,86.97,41,2.95,23.16,,,,,,,,,,,,,
ONONDAGA,0.32,3.99,16.52,36.31,49.7,,86.16,4.72,,50.3,0.0,0.78,63.69,,0.0,12.36,64.03,84.83,42,3.2,25.34,,,,,,,,,,,,,
ONTARIO,0.0,0.61,2.74,29.14,49.03,,86.43,3.83,,50.97,0.0,0.75,69.85,,0.0,9.18,65.08,91.34,43,0.42,13.23,,,,,,,,,,,,,
ORANGE,0.0,1.31,13.44,36.07,49.62,,85.91,23.2,,50.35,0.0,0.03,63.63,,0.0,11.49,58.56,90.17,44,0.96,26.27,,,,,,,,,,,,,
ORLEANS,0.0,0.0,3.33,42.45,47.72,,88.22,2.71,,52.28,0.0,1.13,57.55,,0.0,11.78,77.57,90.37,45,0.0,0.0,,,,,,,,,,,,,
OSWEGO,0.16,0.08,0.41,46.8,49.79,,86.67,1.64,,50.21,0.0,0.0,53.2,,0.0,13.33,71.04,83.54,46,0.0,0.0,,,,,,,,,,,,,
OTSEGO,0.0,0.71,2.07,39.67,48.72,,64.47,1.06,,51.28,0.0,0.0,60.33,,0.0,12.58,37.38,88.75,47,0.0,0.0,,,,,,,,,,,,,
PUTNAM,0.0,0.97,1.89,15.14,48.61,,86.27,14.26,,51.39,0.0,0.42,84.86,,0.0,13.73,79.73,94.32,48,0.1,5.11,,,,,,,,,,,,,
QUEENS,0.27,27.81,20.37,67.13,47.7,,80.32,35.19,,51.54,0.0,0.08,32.86,,0.0,11.66,10.81,79.74,34,8.33,60.08,,,,,,,,,,,,,
RENSSELAER,0.0,0.88,8.98,33.81,48.88,,85.95,4.92,,51.12,0.0,1.43,66.19,,0.0,14.05,60.75,89.65,49,0.27,10.7,,,,,,,,,,,,,
RICHMOND,0.03,7.45,14.12,48.49,48.28,,75.89,23.82,,51.65,0.0,0.0,51.3,,0.0,17.25,49.8,82.27,35,2.01,72.06,,,,,,,,,,,,,
ROCKLAND,0.08,7.3,15.73,30.55,49.55,,88.36,22.68,,50.22,0.0,0.17,69.13,,0.0,11.32,50.01,89.79,50,4.81,54.48,,,,,,,,,,,,,
SAINT LAWRENCE,2.42,0.0,0.0,46.22,49.41,,70.99,0.0,,50.59,0.0,0.0,52.87,,0.0,14.78,43.76,85.69,51,0.0,0.0,,,,,,,,,,,,,
SARATOGA,0.0,1.94,1.44,20.41,49.08,,89.22,1.71,,50.92,0.0,0.33,79.59,,0.0,9.78,80.53,91.28,52,0.0,0.0,,,,,,,,,,,,,
SCHENECTADY,0.0,8.46,16.17,41.08,49.19,,85.38,7.06,,50.81,0.0,0.49,58.92,,0.0,11.05,61.48,81.21,53,0.93,43.72,,,,,,,,,,,,,
SCHOHARIE,0.0,0.0,0.0,43.62,48.29,,72.98,0.0,,51.71,0.0,0.0,56.38,,0.0,12.28,39.78,84.64,54,0.0,0.0,,,,,,,,,,,,,
SCHUYLER,0.0,0.0,0.0,44.14,52.93,,89.48,0.0,,47.07,0.0,0.0,55.86,,0.0,10.52,54.83,88.1,55,0.0,0.0,,,,,,,,,,,,,
SENECA,0.0,0.0,1.1,30.32,52.47,,76.36,1.57,,47.53,0.0,0.0,69.68,,0.0,13.67,63.55,87.2,56,0.0,0.0,,,,,,,,,,,,,
STEUBEN,0.0,1.04,1.19,43.38,49.82,,75.16,0.54,,50.18,0.0,0.25,53.96,,0.0,13.65,47.93,86.91,57,0.0,0.0,,,,,,,,,,,,,
SUFFOLK,0.07,3.41,8.83,30.65,48.61,,88.02,19.04,,51.31,0.01,0.28,68.23,,0.46,11.8,65.46,92.02,58,2.92,49.44,,,,,,,,,,,,,
SULLIVAN,0.0,0.0,8.86,44.14,48.5,,76.08,16.95,,51.5,0.63,0.0,53.03,,6.28,9.9,60.74,83.86,59,1.26,25.03,,,,,,,,,,,,,
TIOGA,0.0,0.0,0.0,41.84,47.99,,82.57,0.0,,52.01,0.0,0.0,58.16,,0.0,12.43,36.53,89.47,60,0.0,0.0,,,,,,,,,,,,,
TOMPKINS,0.0,5.3,4.78,31.39,48.1,,85.18,2.31,,50.35,0.0,1.95,67.06,,0.0,12.24,65.75,90.2,61,0.49,19.39,,,,,,,,,,,,,
ULSTER,0.07,0.94,7.41,40.1,48.59,,84.61,11.52,,51.41,0.0,0.42,59.9,,0.0,15.39,75.44,87.73,62,0.52,25.89,,,,,,,,,,,,,
WARREN,0.0,0.54,1.83,32.42,49.17,,81.62,0.88,,50.08,0.0,0.0,66.84,,0.0,12.38,56.66,86.2,63,0.0,0.0,,,,,,,,,,,,,
WASHINGTON,0.0,0.0,0.0,39.39,47.62,,66.68,0.0,,52.38,0.0,0.0,59.64,,0.0,13.59,23.19,83.36,64,0.0,0.0,,,,,,,,,,,,,
WAYNE,0.0,0.0,2.6,38.9,48.38,,79.86,2.64,,51.62,0.0,0.54,61.1,,0.0,9.84,77.73,89.96,65,0.0,0.0,,,,,,,,,,,,,
WESTCHESTER,0.0,4.62,13.41,32.75,49.48,,86.98,26.64,,50.03,0.0,0.55,55.08,,0.0,11.95,50.66,90.87,66,2.49,40.56,,,,,,,,,,,,,
WYOMING,0.0,0.0,0.0,33.31,50.43,,81.7,0.0,,49.57,0.0,0.0,66.69,,0.0,13.2,10.53,93.64,67,0.0,0.0,,,,,,,,,,,,,
YATES,0.0,0.0,0.0,43.57,50.12,,80.12,0.0,,49.88,0.0,0.0,56.43,,0.0,11.55,86.19,85.83,68,0.0,0.0,,,,,,,,,,,,,
ALBANY,0.0,7.12,18.74,30.7,47.1,,84.41,5.85,,48.6,0.0,1.06,69.3,,0.0,11.82,60.92,86.3,1,,,1.58,22.8,,,,,,,,,,,
ALLEGANY,0.0,0.0,0.0,45.66,49.31,,53.31,0.0,,49.36,0.0,0.0,54.34,,0.0,8.22,13.71,91.68,2,,,0.0,0.0,,,,,,,,,,,
BRONX,0.24,4.84,18.68,71.08,47.14,,75.3,56.29,,51.39,0.0,0.15,25.0,,0.0,18.58,2.81,71.71,32,,,10.9,51.09,,,,,,,,,,,
BROOME,0.0,2.0,8.37,43.4,49.76,,85.11,3.92,,50.24,0.0,1.96,56.6,,0.0,13.57,70.87,87.67,3,,,0.42,19.35,,,,,,,,,,,
CATTARAUGUS,3.87,0.0,1.38,44.72,49.49,,81.55,0.31,,50.51,0.0,0.43,55.28,,0.0,12.1,55.53,88.07,4,,,0.0,0.0,,,,,,,,,,,
CAYUGA,0.0,0.0,4.77,39.25,50.69,,70.05,1.17,,49.31,0.0,0.82,60.75,,0.0,7.18,64.87,86.61,5,,,0.0,0.0,,,,,,,,,,,
CHAUTAUQUA,0.73,0.0,0.94,46.48,49.67,,79.39,9.78,,50.33,0.09,2.12,53.52,,2.37,9.81,41.87,87.6,6,,,1.14,26.89,,,,,,,,,,,
CHEMUNG,0.0,1.33,10.4,43.41,49.16,,89.3,2.27,,50.84,0.0,0.56,56.59,,0.0,10.7,80.46,77.66,7,,,0.0,0.0,,,,,,,,,,,
CHENANGO,0.0,0.0,0.52,48.48,49.87,,75.98,0.26,,50.13,0.0,0.0,51.52,,0.0,14.77,34.4,90.23,8,,,0.0,0.0,,,,,,,,,,,
CLINTON,0.3,0.0,0.97,41.68,48.83,,77.67,0.0,,51.17,0.0,0.35,58.32,,0.0,15.92,46.29,88.18,9,,,0.0,0.0,,,,,,,,,,,
COLUMBIA,0.0,1.49,6.02,41.02,49.84,,78.11,3.17,,49.62,0.23,1.09,58.44,,5.83,14.7,67.75,86.93,10,,,1.22,15.56,,,,,,,,,,,
CORTLAND,0.0,0.0,1.61,39.73,45.92,,86.0,0.5,,54.08,0.0,0.0,60.27,,0.0,14.0,68.03,89.07,11,,,0.0,0.0,,,,,,,,,,,
DELAWARE,0.0,0.0,0.0,46.75,52.12,,59.99,0.0,,46.12,0.0,0.0,51.5,,0.0,12.68,31.18,90.38,12,,,0.0,0.0,,,,,,,,,,,
DUTCHESS,0.0,2.88,11.27,29.37,49.29,,86.33,12.25,,50.71,0.0,0.53,70.63,,0.0,12.23,68.82,88.64,13,,,0.53,15.01,,,,,,,,,,,
ERIE,0.23,3.24,18.75,38.68,50.16,,85.45,5.87,,49.75,0.0,0.51,60.13,,0.0,12.79,64.63,86.39,14,,,2.63,18.05,,,,,,,,,,,
ESSEX,0.0,0.0,0.0,43.71,44.55,,53.87,0.0,,47.63,0.0,0.0,50.37,,0.0,11.07,0.0,91.34,15,,,0.0,0.0,,,,,,,,,,,
FRANKLIN,11.77,0.0,0.0,48.76,49.93,,78.38,0.0,,48.76,0.0,0.0,51.24,,0.0,16.89,30.44,86.19,16,,,0.0,0.0,,,,,,,,,,,
FULTON,0.0,0.41,2.55,46.83,50.41,,83.53,1.4,,49.59,0.0,0.0,53.17,,0.0,14.25,75.25,81.59,17,,,0.0,0.0,,,,,,,,,,,
GENESEE,0.0,0.0,2.05,39.11,50.66,,80.66,1.35,,49.34,0.0,1.0,60.89,,0.0,10.31,50.39,93.47,18,,,0.0,0.0,,,,,,,,,,,
GREENE,0.0,0.0,3.77,40.92,50.4,,76.55,3.34,,49.6,0.0,0.27,59.08,,0.0,15.26,72.02,89.06,19,,,0.0,0.0,,,,,,,,,,,
HAMILTON,0.0,0.0,0.0,33.68,34.74,,8.42,0.0,,44.21,0.0,0.0,27.37,,0.0,5.26,0.0,94.74,20,,,0.0,0.0,,,,,,,,,,,
HERKIMER,0.0,0.0,0.21,46.04,49.21,,72.07,0.0,,50.79,0.0,0.0,51.78,,0.0,11.91,31.07,88.41,21,,,0.0,0.0,,,,,,,,,,,
JEFFERSON,0.0,0.37,5.39,46.69,48.45,,77.82,5.22,,51.55,0.0,1.49,53.31,,0.0,15.24,59.16,87.53,22,,,0.0,0.0,,,,,,,,,,,
KINGS,0.07,15.15,39.41,70.52,46.93,,81.15,22.2,,51.47,0.0,0.5,27.93,,0.0,15.19,12.44,77.45,33,,,6.57,49.04,,,,,,,,,,,
LEWIS,0.0,0.0,0.0,49.25,50.42,,61.37,0.0,,49.58,0.0,0.0,50.75,,0.0,11.79,26.25,92.47,23,,,0.0,0.0,,,,,,,,,,,
LIVINGSTON,0.0,0.0,0.0,32.19,48.35,,78.76,0.0,,51.65,0.0,0.0,67.81,,0.0,9.25,59.07,91.63,24,,,0.0,0.0,,,,,,,,,,,
MADISON,0.22,0.0,0.0,35.7,48.87,,77.62,0.0,,50.78,0.0,0.19,63.95,,0.0,13.17,64.23,89.64,25,,,0.0,0.0,,,,,,,,,,,
MONROE,0.0,3.31,22.22,40.28,49.75,,86.22,10.56,,48.59,0.0,0.72,57.76,,0.0,12.36,59.21,85.59,26,,,2.76,28.43,,,,,,,,,,,
MONTGOMERY,0.0,0.0,1.95,47.67,50.33,,83.49,18.15,,49.67,0.0,0.22,52.33,,0.0,16.51,46.6,80.56,27,,,1.6,47.18,,,,,,,,,,,
NASSAU,0.03,10.34,12.33,26.41,48.71,,88.47,18.84,,51.26,0.0,0.14,73.52,,0.0,10.83,54.91,93.16,28,,,3.2,41.78,,,,,,,,,,,
NEW YORK,0.06,13.3,21.85,65.52,53.28,,76.62,42.82,,45.81,0.0,0.45,33.34,,0.0,14.14,9.36,78.35,31,,,7.26,33.67,,,,,,,,,,,
NIAGARA,1.75,0.94,11.73,37.48,48.47,,85.12,2.11,,51.53,0.0,0.82,62.52,,0.0,12.8,78.48,87.4,40,,,0.0,0.0,,,,,,,,,,,
ONEIDA,0.0,5.22,8.09,46.68,48.98,,83.66,4.22,,51.02,0.0,0.37,53.32,,0.0,12.89,62.47,88.04,41,,,2.42,23.4,,,,,,,,,,,
ONONDAGA,0.31,3.89,16.93,38.16,49.32,,85.92,4.78,,50.68,0.0,0.86,61.84,,0.0,12.66,65.0,85.53,42,,,2.78,26.73,,,,,,,,,,,
ONTARIO,0.0,0.75,2.36,31.95,48.31,,83.96,4.35,,51.69,0.0,0.96,68.05,,0.0,8.26,66.83,92.1,43,,,0.53,12.37,,,,,,,,,,,
ORANGE,0.0,1.3,13.23,38.05,48.7,,85.21,24.41,,51.27,0.0,0.24,61.16,,0.0,11.79,57.68,89.76,44,,,1.1,32.38,,,,,,,,,,,
ORLEANS,0.0,0.0,1.28,46.33,49.33,,87.48,4.12,,50.67,0.0,1.98,53.67,,0.0,12.52,73.62,91.44,45,,,0.0,0.0,,,,,,,,,,,
OSWEGO,0.08,0.08,0.48,46.37,48.44,,88.14,1.83,,51.56,0.0,0.19,53.63,,0.0,11.86,75.68,84.6,46,,,0.23,9.35,,,,,,,,,,,
OTSEGO,0.0,0.79,2.12,38.82,49.54,,70.89,1.5,,50.46,0.0,0.0,61.18,,0.0,13.41,41.82,90.21,47,,,0.0,0.0,,,,,,,,,,,
PUTNAM,0.0,1.71,1.5,17.99,49.96,,86.17,15.72,,50.04,0.0,0.22,82.01,,0.0,13.83,77.98,94.53,48,,,0.31,10.19,,,,,,,,,,,
QUEENS,0.36,28.0,20.0,68.24,47.32,,79.96,35.56,,51.71,0.0,0.25,31.76,,0.0,11.85,10.85,81.41,34,,,7.71,59.65,,,,,,,,,,,
RENSSELAER,0.0,1.25,9.3,35.98,48.64,,84.89,5.04,,51.36,0.0,1.59,64.02,,0.0,15.11,61.14,89.42,49,,,0.55,9.46,,,,,,,,,,,
RICHMOND,0.04,8.6,13.8,50.09,47.5,,75.1,24.73,,52.5,0.0,0.0,49.84,,0.0,17.87,48.98,82.88,35,,,1.89,71.43,,,,,,,,,,,
ROCKLAND,0.09,7.33,14.62,33.15,49.51,,88.21,25.11,,50.26,0.0,0.43,66.7,,0.0,11.47,49.02,88.79,50,,,5.95,66.02,,,,,,,,,,,
SAINT LAWRENCE,2.47,0.0,0.0,47.31,48.35,,71.13,0.0,,50.89,0.0,0.0,51.46,,0.0,13.64,37.34,86.79,51,,,0.0,0.0,,,,,,,,,,,
SARATOGA,0.0,1.95,1.51,21.31,48.01,,87.31,2.09,,51.99,0.0,0.26,78.69,,0.0,9.45,81.0,92.06,52,,,0.09,9.74,,,,,,,,,,,
SCHENECTADY,0.0,9.3,16.56,43.75,49.23,,85.93,7.54,,50.77,0.0,0.66,56.25,,0.0,12.25,58.87,80.55,53,,,0.87,41.09,,,,,,,,,,,
SCHOHARIE,0.0,0.0,0.0,45.72,49.05,,71.31,0.0,,50.95,0.0,0.0,54.28,,0.0,12.01,37.67,84.52,54,,,0.0,0.0,,,,,,,,,,,
SCHUYLER,0.0,0.0,0.0,42.86,48.12,,88.72,0.94,,51.88,0.0,0.0,57.14,,0.0,11.28,38.53,90.79,55,,,0.0,0.0,,,,,,,,,,,
SENECA,0.0,0.0,1.46,38.69,50.15,,77.46,0.54,,49.85,0.0,0.0,61.31,,0.0,13.08,72.85,85.77,56,,,0.0,0.0,,,,,,,,,,,
STEUBEN,0.0,1.01,1.76,44.19,49.62,,75.01,0.17,,49.65,0.0,0.67,55.02,,0.0,13.0,44.79,88.82,57,,,0.0,0.0,,,,,,,,,,,
SUFFOLK,0.06,3.27,8.64,32.68,48.71,,87.77,20.76,,51.23,0.01,0.35,66.44,,0.45,11.93,63.96,91.77,58,,,3.59,57.78,,,,,,,,,,,
SULLIVAN,0.0,0.0,8.26,48.03,49.04,,69.58,15.99,,50.96,0.65,0.0,51.97,,9.64,11.26,59.83,84.05,59,,,2.06,28.04,,,,,,,,,,,
TIOGA,0.0,0.0,0.0,43.28,47.32,,87.3,0.43,,52.68,0.0,0.0,56.72,,0.0,12.7,54.89,90.43,60,,,0.0,0.0,,,,,,,,,,,
TOMPKINS,0.0,5.68,4.06,32.56,48.42,,83.84,2.13,,50.35,0.0,2.01,66.21,,0.0,11.66,57.61,88.71,61,,,0.69,30.16,,,,,,,,,,,
ULSTER,0.0,0.65,7.6,41.72,49.78,,84.09,12.4,,50.22,0.0,1.01,58.28,,0.0,15.91,73.89,88.63,62,,,0.67,25.01,,,,,,,,,,,
WARREN,0.0,0.72,1.26,33.71,50.51,,78.43,1.43,,49.49,0.0,0.0,66.29,,0.0,11.93,61.35,89.03,63,,,0.0,0.0,,,,,,,,,,,
WASHINGTON,0.0,0.0,0.0,37.66,46.66,,66.32,0.38,,53.34,0.0,0.0,61.37,,0.0,12.9,23.89,82.75,64,,,0.0,0.0,,,,,,,,,,,
WAYNE,0.0,0.0,3.24,41.14,49.14,,82.85,3.04,,50.86,0.0,1.61,58.86,,0.0,10.55,78.49,89.65,65,,,0.0,0.0,,,,,,,,,,,
WESTCHESTER,0.0,4.75,13.15,33.76,48.82,,85.53,27.23,,50.79,0.0,0.79,54.9,,0.0,12.06,49.8,91.48,66,,,2.39,39.68,,,,,,,,,,,
WYOMING,0.0,0.0,0.0,37.41,49.26,,88.07,0.0,,50.74,0.0,0.0,62.59,,0.0,11.93,22.15,94.73,67,,,0.0,0.0,,,,,,,,,,,
YATES,0.0,0.0,0.0,47.41,47.06,,80.24,0.0,,52.94,0.0,0.0,52.59,,0.0,11.53,72.94,83.06,68,,,0.0,0.0,,,,,,,,,,,
ALBANY,0.0,8.1,18.74,32.82,47.04,,84.16,6.67,,48.82,0.0,0.91,67.18,,0.0,11.67,59.12,87.16,1,,,1.77,39.69,0.79,,,,,,,,,,
ALLEGANY,0.0,0.0,0.0,46.81,50.64,,48.14,0.0,,48.75,0.0,0.0,53.19,,0.0,8.11,27.38,91.84,2,,,0.0,0.0,0.0,,,,,,,,,,
BRONX,0.28,4.82,18.72,73.21,47.36,,74.19,56.45,,51.43,0.0,0.2,21.65,,0.0,18.72,3.04,73.39,32,,,11.24,55.28,5.11,,,,,,,,,,
BROOME,0.0,2.03,8.39,45.49,49.13,,85.06,4.42,,50.87,0.0,2.51,54.51,,0.0,13.41,70.5,87.71,3,,,0.46,23.93,0.12,,,,,,,,,,
CATTARAUGUS,4.32,0.0,1.34,48.17,49.83,,77.68,0.16,,50.17,0.0,0.69,51.83,,0.0,11.38,51.57,89.22,4,,,0.0,0.0,0.0,,,,,,,,,,
CAYUGA,0.0,0.0,4.91,37.86,50.12,,65.87,1.86,,49.88,0.0,0.54,62.14,,0.0,7.55,64.68,86.35,5,,,0.0,0.0,0.0,,,,,,,,,,
CHAUTAUQUA,0.64,0.17,0.64,47.31,49.82,,72.74,10.18,,50.18,0.09,2.32,52.69,,2.4,9.54,42.45,87.61,6,,,1.94,31.89,0.64,,,,,,,,,,
CHEMUNG,0.0,1.2,11.2,44.23,49.95,,88.96,2.21,,50.05,0.0,0.68,55.77,,0.0,11.04,76.44,78.9,7,,,0.0,0.0,0.0,,,,,,,,,,
CHENANGO,0.0,0.0,0.27,51.63,50.09,,75.14,0.54,,49.91,0.0,0.0,48.37,,0.0,14.38,35.21,90.43,8,,,0.0,0.0,0.0,,,,,,,,,,
CLINTON,0.15,0.0,1.48,42.53,48.4,,79.92,0.0,,51.6,0.0,0.18,57.47,,0.0,17.94,60.97,87.93,9,,,0.0,0.0,0.0,,,,,,,,,,
COLUMBIA,0.0,2.68,5.58,44.3,47.72,,78.86,3.97,,51.5,0.23,1.29,54.91,,5.95,14.58,65.81,87.45,10,,,0.97,16.84,0.0,,,,,,,,,,
CORTLAND,0.0,0.0,0.79,40.41,45.98,,82.4,0.74,,54.02,0.0,0.84,59.59,,0.0,12.98,51.66,89.86,11,,,0.0,0.0,0.0,,,,,,,,,,
DELAWARE,0.0,0.0,0.0,46.64,48.57,,55.75,0.0,,49.45,0.0,0.0,51.37,,0.0,12.26,30.06,90.37,12,,,0.0,0.0,0.0,,,,,,,,,,
DUTCHESS,0.0,2.73,11.2,30.39,49.43,,87.85,12.77,,50.57,0.0,0.81,69.61,,0.0,12.15,67.8,88.89,13,,,0.84,26.52,0.0,,,,,,,,,,
ERIE,0.23,3.7,17.59,40.97,49.87,,85.73,6.04,,50.0,0.0,0.63,57.97,,0.0,12.99,62.65,85.83,14,,,2.93,17.17,0.75,,,,,,,,,,
ESSEX,0.0,0.0,0.0,41.67,45.86,,51.49,0.0,,45.77,0.0,0.0,50.64,,0.0,10.85,10.42,91.37,15,,,0.0,0.0,0.0,,,,,,,,,,
FRANKLIN,11.42,0.0,0.0,51.17,47.8,,81.34,0.0,,51.53,0.0,0.0,48.83,,0.0,17.99,34.08,87.32,16,,,0.0,0.0,0.0,,,,,,,,,,
FULTON,0.0,0.21,2.44,45.99,48.1,,82.98,0.87,,51.9,0.0,0.83,54.01,,0.0,15.91,74.63,81.4,17,,,0.0,0.0,0.0,,,,,,,,,,
GENESEE,0.0,0.0,1.11,40.53,48.81,,80.11,2.03,,51.19,0.0,1.35,59.47,,0.0,11.38,49.16,93.6,18,,,0.0,0.0,0.0,,,,,,,,,,
GREENE,0.0,0.0,4.04,39.64,52.02,,78.88,2.76,,47.98,0.0,1.05,60.36,,0.0,14.59,64.79,90.82,19,,,0.0,0.0,0.0,,,,,,,,,,
HAMILTON,0.0,0.0,0.0,27.36,11.32,,0.0,0.0,,15.09,0.0,0.0,21.7,,0.0,0.0,0.0,91.51,20,,,0.0,0.0,0.0,,,,,,,,,,
HERKIMER,0.0,0.0,0.0,48.08,49.5,,75.47,0.0,,47.64,0.0,0.0,48.25,,0.0,12.79,46.94,84.15,21,,,0.0,0.0,0.0,,,,,,,,,,
JEFFERSON,0.0,0.32,4.67,47.79,49.03,,77.84,5.0,,50.97,0.0,2.31,52.21,,0.0,15.16,64.79,87.84,22,,,0.0,0.0,0.0,,,,,,,,,,
KINGS,0.06,15.26,38.47,73.58,46.78,,80.83,23.35,,51.57,0.0,0.55,25.01,,0.0,15.64,12.75,79.2,33,,,6.45,49.63,4.55,,,,,,,,,,
LEWIS,0.0,0.0,0.0,48.34,50.0,,70.35,0.0,,50.0,0.0,0.0,51.66,,0.0,14.2,39.12,92.36,23,,,0.0,0.0,0.0,,,,,,,,,,
LIVINGSTON,0.0,0.0,0.0,33.46,49.85,,78.32,0.0,,50.15,0.0,0.0,66.54,,0.0,9.37,63.57,92.04,24,,,0.0,0.0,0.0,,,,,,,,,,
MADISON,0.0,0.0,0.0,38.1,48.64,,77.23,0.32,,51.36,0.0,0.0,61.9,,0.0,11.51,72.19,89.75,25,,,0.0,0.0,0.0,,,,,,,,,,
MONROE,0.0,3.25,21.85,42.05,49.13,,85.75,11.28,,48.7,0.0,0.7,56.8,,0.0,12.29,59.02,86.37,26,,,3.19,37.62,0.8,,,,,,,,,,
MONTGOMERY,0.0,0.0,2.86,49.93,50.57,,75.76,17.2,,49.43,0.0,0.0,50.07,,0.0,15.34,40.72,81.43,27,,,1.91,44.35,0.0,,,,,,,,,,
NASSAU,0.0,11.01,11.63,29.4,48.62,,88.16,20.33,,51.3,0.0,0.24,70.54,,0.0,11.04,52.75,92.27,28,,,3.88,42.23,1.17,,,,,,,,,,
NEW YORK,0.02,13.13,22.01,66.28,53.44,,75.33,42.88,,45.64,0.0,0.53,30.46,,0.0,14.67,9.69,79.69,31,,,6.8,33.29,4.14,,,,,,,,,,
NIAGARA,1.96,1.1,11.51,38.32,48.97,,85.47,2.08,,51.03,0.0,1.67,61.68,,0.0,13.15,77.39,86.15,40,,,0.11,6.08,0.0,,,,,,,,,,
ONEIDA,0.0,5.52,8.05,46.87,49.22,,82.94,4.69,,50.78,0.0,0.63,53.13,,0.0,12.36,60.77,88.38,41,,,2.27,24.14,2.09,,,,,,,,,,
ONONDAGA,0.31,3.67,17.1,40.43,49.36,,85.68,4.59,,50.6,0.0,1.23,59.42,,0.0,12.44,64.54,86.03,42,,,2.49,22.42,0.86,,,,,,,,,,
ONTARIO,0.0,1.17,1.6,31.74,48.02,,85.08,4.59,,51.98,0.0,1.37,68.26,,0.0,8.45,66.36,91.97,43,,,0.47,12.82,0.0,,,,,,,,,,
ORANGE,0.0,1.44,13.21,39.37,49.39,,84.86,25.79,,50.54,0.0,0.25,60.03,,0.0,12.69,56.24,89.99,44,,,1.53,39.6,0.94,,,,,,,,,,
ORLEANS,0.0,0.0,0.89,46.93,49.13,,81.26,3.62,,50.87,0.0,1.42,53.07,,0.0,13.39,74.65,90.92,45,,,0.0,0.0,0.0,,,,,,,,,,
OSWEGO,0.08,0.0,0.34,47.99,48.72,,87.56,1.81,,51.28,0.19,0.26,52.01,,9.27,12.44,75.56,85.58,46,,,0.29,13.97,0.0,,,,,,,,,,
OTSEGO,0.0,1.17,2.06,40.54,49.84,,64.38,2.11,,50.16,0.0,0.0,59.46,,0.0,12.44,38.81,90.33,47,,,0.0,0.0,0.0,,,,,,,,,,
PUTNAM,0.0,1.53,2.2,20.48,49.01,,86.3,17.19,,50.99,0.0,0.77,79.52,,0.0,13.7,75.61,93.97,48,,,1.05,16.06,0.2,,,,,,,,,,
QUEENS,0.65,28.01,19.89,71.22,47.12,,81.24,35.3,,51.86,0.0,0.52,28.78,,0.0,12.26,11.06,82.38,34,,,7.47,60.66,5.78,,,,,,,,,,
RENSSELAER,0.0,1.71,9.83,37.72,48.0,,85.29,5.71,,52.0,0.0,2.18,62.28,,0.0,14.71,63.34,89.77,49,,,0.44,15.39,0.0,,,,,,,,,,
RICHMOND,0.0,9.52,13.58,53.35,47.83,,75.1,25.08,,52.17,0.0,0.16,46.58,,0.0,17.91,48.41,83.94,35,,,1.98,76.22,1.89,,,,,,,,,,
ROCKLAND,0.05,7.43,14.21,35.68,49.35,,87.9,27.04,,50.33,0.0,0.45,64.08,,0.0,11.78,47.43,88.2,50,,,7.46,63.76,2.89,,,,,,,,,,
SAINT LAWRENCE,3.36,0.0,0.0,48.5,50.07,,71.89,0.0,,49.56,0.0,0.0,51.13,,0.0,13.89,41.84,87.49,51,,,0.0,0.0,0.0,,,,,,,,,,
SARATOGA,0.0,2.44,1.51,21.67,48.63,,88.08,2.35,,51.37,0.0,0.17,78.33,,0.0,10.08,84.34,92.44,52,,,0.16,14.82,0.0,,,,,,,,,,
SCHENECTADY,0.0,12.38,15.66,44.7,49.82,,84.96,7.32,,50.18,0.0,0.71,55.3,,0.0,12.79,58.23,80.14,53,,,1.13,40.79,0.65,,,,,,,,,,
SCHOHARIE,0.0,0.0,0.0,46.49,50.85,,74.28,1.33,,49.15,0.0,0.0,53.51,,0.0,11.9,33.85,87.14,54,,,0.0,0.0,0.0,,,,,,,,,,
SCHUYLER,0.0,0.0,0.0,40.53,49.03,,87.96,0.88,,50.97,0.0,0.0,59.47,,0.0,12.04,21.77,91.33,55,,,0.0,0.0,0.0,,,,,,,,,,
SENECA,0.0,0.0,0.45,41.38,48.61,,81.41,1.96,,51.39,0.0,0.0,58.62,,0.0,13.84,79.98,86.0,56,,,0.0,0.0,0.0,,,,,,,,,,
STEUBEN,0.0,1.29,1.79,44.86,49.44,,76.47,0.38,,49.65,0.0,0.53,54.36,,0.0,12.6,44.14,90.17,57,,,0.0,0.0,0.0,,,,,,,,,,
SUFFOLK,0.07,3.43,8.49,35.24,48.82,,87.23,22.81,,51.15,0.0,0.42,63.92,,0.0,12.38,61.81,91.76,58,,,4.5,63.64,0.8,,,,,,,,,,
SULLIVAN,0.0,0.36,10.15,50.96,48.9,,72.9,19.84,,51.1,0.71,0.36,49.04,,10.08,11.22,57.55,85.86,59,,,2.85,47.12,0.0,,,,,,,,,,
TIOGA,0.0,0.0,0.0,44.31,50.6,,86.89,0.22,,49.4,0.0,0.0,55.69,,0.0,13.11,51.47,90.12,60,,,0.0,0.0,0.0,,,,,,,,,,
TOMPKINS,0.0,5.8,4.12,33.45,46.68,,83.57,2.98,,51.97,0.0,3.32,65.2,,0.0,9.61,56.05,90.42,61,,,0.61,31.51,0.31,,,,,,,,,,
ULSTER,0.0,0.71,7.78,43.71,48.97,,83.76,13.33,,51.03,0.0,1.41,56.29,,0.0,16.24,72.53,88.52,62,,,1.52,34.06,0.16,,,,,,,,,,
WARREN,0.0,0.49,1.4,37.11,48.13,,80.85,1.4,,51.87,0.0,0.21,61.84,,0.0,11.86,57.94,88.52,63,,,0.0,0.0,0.0,,,,,,,,,,
WASHINGTON,0.0,0.0,0.0,41.97,49.07,,70.3,0.19,,50.93,0.0,0.0,58.03,,0.0,14.11,40.11,83.42,64,,,0.0,0.0,0.0,,,,,,,,,,
WAYNE,0.0,0.0,2.79,43.25,50.36,,81.24,4.22,,49.64,0.0,0.87,56.75,,0.0,10.81,73.17,88.48,65,,,0.0,0.0,0.0,,,,,,,,,,
WESTCHESTER,0.0,4.89,12.72,35.96,49.13,,85.23,28.53,,50.5,0.0,0.84,52.48,,0.0,12.22,48.9,91.08,66,,,2.78,41.88,1.44,,,,,,,,,,
WYOMING,0.0,0.0,0.0,37.93,50.49,,79.77,0.0,,49.51,0.0,0.0,62.07,,0.0,12.07,6.2,94.45,67,,,0.0,0.0,0.0,,,,,,,,,,
YATES,0.0,0.0,0.0,52.54,45.76,,86.57,1.83,,54.24,0.0,0.0,47.46,,0.0,13.43,73.66,80.83,68,,,0.0,0.0,0.0,,,,,,,,,,
ALBANY,,,,34.24,47.23,,85.72,,,48.47,0.0,0.92,65.76,,0.0,11.84,58.53,87.99,1,,,2.11,37.32,0.73,0.0,8.54,18.99,7.26,1.55,0.0,51.25,0.0,0.0,0.0
ALLEGANY,,,,46.19,49.97,,51.92,,,48.01,0.0,0.0,53.81,,0.0,8.25,25.44,92.52,2,,,0.0,0.0,0.0,0.0,0.0,0.0,0.0,0.0,0.0,0.0,0.0,0.0,0.0
BRONX,,,,73.7,47.35,,73.66,,,51.23,0.0,0.09,20.82,,0.0,19.2,3.01,76.16,32,,,11.63,55.91,5.81,0.39,4.82,18.94,56.7,9.51,0.0,67.37,0.0,0.0,0.0
BROOME,,,,46.34,48.7,,84.71,,,51.3,0.0,3.22,53.66,,0.0,13.31,68.21,89.04,3,,,0.59,21.94,0.24,0.0,2.08,8.52,4.59,1.92,0.0,44.12,0.0,0.0,0.0
CATTARAUGUS,,,,48.02,49.32,,78.47,,,50.68,0.0,0.63,51.98,,0.0,11.13,55.27,90.34,4,,,0.0,0.0,0.0,3.68,0.0,1.12,0.21,0.18,0.0,6.41,0.0,0.0,0.0
CAYUGA,,,,38.58,50.7,,68.55,,,49.3,0.0,0.37,61.42,,0.0,7.69,69.43,86.44,5,,,0.0,0.0,0.0,0.0,0.0,4.94,2.14,1.12,0.0,27.07,0.0,0.0,0.0
CHAUTAUQUA,,,,45.87,49.84,,73.99,,,50.16,0.0,2.37,54.13,,0.0,9.3,47.87,87.99,6,,,2.06,32.78,0.53,0.63,0.12,0.67,10.28,0.53,0.0,19.37,0.0,0.0,0.0
CHEMUNG,,,,44.74,49.49,,88.74,,,50.51,0.0,1.22,55.26,,0.0,11.26,78.65,79.3,7,,,0.0,0.0,0.0,0.0,1.61,11.5,2.12,0.0,0.0,0.0,0.0,0.0,0.0
CHENANGO,,,,49.82,49.88,,76.68,,,50.12,0.0,0.0,50.18,,0.0,14.75,40.33,89.69,8,,,0.0,0.0,0.0,0.0,0.0,0.92,0.37,0.86,0.0,16.03,0.0,0.0,0.0
CLINTON,,,,44.05,48.15,,79.42,,,51.85,0.0,0.24,55.95,,0.0,17.9,59.11,88.43,9,,,0.0,0.0,0.0,0.2,0.24,1.81,0.0,0.99,0.0,22.71,0.0,0.0,0.0
COLUMBIA,,,,44.88,48.38,,80.21,,,51.31,0.31,0.81,54.81,,6.3,14.11,66.6,88.3,10,,,1.87,27.09,0.0,0.0,2.5,5.99,3.81,2.06,0.0,20.29,0.0,0.0,0.0
CORTLAND,,,,42.71,47.31,,82.79,,,52.69,0.0,1.06,57.29,,0.0,11.97,57.37,90.19,11,,,0.0,0.0,0.0,0.0,0.0,0.99,0.5,0.71,0.0,11.19,0.0,0.0,0.0
DELAWARE,,,,43.68,48.46,,53.4,,,48.87,0.0,0.0,52.03,,0.0,12.48,29.25,89.91,12,,,0.0,0.0,0.0,0.0,0.0,0.0,0.57,0.0,0.0,0.0,0.0,0.0,0.0
DUTCHESS,,,,31.61,49.06,,87.19,,,50.71,0.0,1.01,68.39,,0.0,12.58,66.47,88.91,13,,,0.96,31.95,0.11,0.0,2.8,11.59,13.8,1.49,0.16,63.87,6.54,0.0,0.0
ERIE,,,,41.49,49.65,,85.39,,,50.23,0.0,0.71,57.43,,0.0,12.97,61.58,86.47,14,,,3.14,20.21,0.98,0.26,3.81,18.53,6.51,0.71,0.0,19.14,0.0,0.0,0.0
ESSEX,,,,39.43,44.69,,50.86,,,47.2,0.0,0.0,52.34,,0.0,10.74,12.69,92.57,15,,,0.0,0.0,0.0,0.0,0.0,0.0,0.0,0.0,0.0,0.0,0.0,0.0,0.0
FRANKLIN,,,,51.89,49.09,,79.66,,,50.0,0.0,0.0,48.11,,0.0,17.6,28.26,88.37,16,,,0.0,0.0,0.0,11.57,0.0,0.0,0.0,1.28,0.3,32.64,11.75,0.0,0.0
FULTON,,,,47.84,47.95,,81.9,,,52.05,0.0,1.29,52.16,,0.0,14.9,74.37,82.86,17,,,0.0,0.0,0.0,0.0,0.28,2.64,0.45,0.28,0.0,2.14,0.0,0.0,0.0
GENESEE,,,,40.0,49.89,,80.55,,,50.11,0.0,0.55,60.0,,0.0,10.93,50.11,94.54,18,,,0.0,0.0,0.0,0.0,0.0,1.48,2.08,0.0,0.0,0.0,0.0,0.0,0.0
GREENE,,,,38.91,52.74,,78.65,,,47.26,0.0,1.37,61.09,,0.0,14.13,66.95,90.01,19,,,0.0,0.0,0.0,0.0,0.0,4.18,2.89,0.38,0.0,6.99,0.0,0.0,0.0
HAMILTON,,,,33.33,20.99,,0.0,,,22.22,0.0,0.0,24.69,,0.0,0.0,0.0,93.83,20,,,0.0,0.0,0.0,0.0,0.0,0.0,0.0,0.0,0.0,0.0,0.0,0.0,0.0
HERKIMER,,,,48.56,49.23,,74.35,,,50.77,0.0,0.0,50.67,,0.0,12.75,39.88,89.48,21,,,0.0,0.0,0.0,0.0,0.0,0.34,0.0,0.0,0.0,0.0,0.0,0.0,0.0
JEFFERSON,,,,49.22,48.81,,77.51,,,51.19,0.0,2.27,50.78,,0.0,15.73,65.12,88.02,22,,,0.0,0.0,0.0,0.0,0.28,4.79,5.24,0.19,0.0,5.04,0.0,45.48,13.16
KINGS,,,,74.52,46.73,,81.37,,,51.89,0.0,0.49,24.24,,0.0,15.78,12.91,81.52,33,,,6.87,49.72,4.91,0.11,15.56,38.11,24.03,6.43,0.0,72.84,0.0,0.0,0.0
LEWIS,,,,49.78,50.55,,72.2,,,49.45,0.0,0.0,50.22,,0.0,14.4,52.86,92.58,23,,,0.0,0.0,0.0,0.0,0.0,0.0,0.0,0.0,0.0,0.0,0.0,0.0,0.0
LIVINGSTON,,,,35.84,49.2,,81.55,,,50.8,0.0,0.0,64.16,,0.0,10.47,43.55,93.27,24,,,0.0,0.0,0.0,0.0,0.0,0.0,0.0,0.28,0.0,7.09,0.0,0.0,0.0
MADISON,,,,37.99,49.29,,73.32,,,50.71,0.0,0.0,62.01,,0.0,10.82,71.82,89.66,25,,,0.0,0.0,0.0,0.0,0.0,0.0,0.53,0.0,0.0,0.0,0.0,0.0,0.0
MONROE,,,,43.81,49.07,,85.92,,,48.45,0.0,0.7,53.81,,0.0,12.19,57.53,87.21,26,,,3.27,34.76,0.93,0.0,3.2,23.01,11.74,1.41,0.0,46.09,0.0,0.0,0.0
MONTGOMERY,,,,53.9,49.51,,78.44,,,50.49,0.0,0.0,46.1,,0.0,15.59,38.12,82.92,27,,,2.5,46.71,0.0,0.0,0.0,3.23,19.67,1.1,0.0,36.78,0.0,0.0,0.0
NASSAU,,,,29.85,48.42,,88.38,,,51.52,0.0,0.24,70.11,,0.0,10.97,51.43,93.33,28,,,4.33,44.34,1.34,0.0,11.23,11.53,21.54,1.19,0.0,26.26,0.0,0.0,0.0
NEW YORK,,,,66.63,53.46,,74.56,,,45.7,0.0,0.64,30.01,,0.0,14.97,9.82,81.79,31,,,7.09,34.34,4.42,0.03,13.03,21.54,42.8,6.69,0.0,66.24,0.0,0.0,0.0
NIAGARA,,,,40.71,49.16,,84.93,,,50.84,0.0,1.99,59.29,,0.0,13.32,77.39,86.55,40,,,0.16,11.87,0.0,2.01,1.14,11.87,2.67,1.06,0.0,44.39,0.0,0.0,0.0
ONEIDA,,,,46.99,49.81,,81.59,,,50.19,0.0,0.52,53.01,,0.0,12.76,53.47,88.62,41,,,2.49,24.56,2.26,0.0,5.8,8.04,6.55,1.09,0.0,40.74,0.0,0.0,0.0
ONONDAGA,,,,42.01,49.59,,85.85,,,50.38,0.0,1.22,57.8,,0.0,12.81,62.84,86.23,42,,,3.09,29.1,1.09,0.39,3.93,17.7,5.23,2.88,0.0,58.48,0.0,0.0,0.0
ONTARIO,,,,33.57,47.86,,84.34,,,52.14,0.0,0.79,66.43,,0.0,8.68,69.41,91.86,43,,,0.79,12.5,0.13,0.0,1.27,2.29,5.17,0.66,0.0,15.3,0.0,0.0,0.0
ORANGE,,,,39.95,48.99,,85.01,,,50.9,0.0,0.33,59.69,,0.0,13.08,55.3,89.88,44,,,1.94,43.88,0.87,0.0,1.73,13.38,26.36,1.97,0.0,51.39,0.0,3.72,0.62
ORLEANS,,,,49.6,48.79,,81.93,,,51.21,0.0,1.98,50.4,,0.0,14.34,73.08,90.49,45,,,0.0,0.0,0.0,0.0,0.0,0.0,5.05,0.0,0.0,0.0,0.0,0.0,0.0
OSWEGO,,,,47.51,47.88,,88.15,,,52.12,0.11,0.34,52.49,,6.15,11.85,76.85,86.01,46,,,0.24,12.37,0.0,0.0,0.0,0.49,1.8,4.63,0.0,63.33,0.0,0.0,0.0
OTSEGO,,,,40.31,48.92,,66.01,,,51.08,0.0,0.0,59.69,,0.0,13.07,37.63,88.46,47,,,0.0,0.0,0.0,0.0,0.7,1.85,1.85,0.0,0.0,0.0,0.0,0.0,0.0
PUTNAM,,,,22.41,49.24,,86.72,,,50.76,0.0,0.67,77.59,,0.0,13.28,74.41,94.49,48,,,1.62,40.47,0.54,0.0,1.67,1.65,18.63,0.0,0.0,0.0,0.0,0.0,0.0
QUEENS,,,,71.59,46.93,,80.49,,,51.97,0.0,0.57,28.24,,0.0,12.54,11.0,84.36,34,,,7.68,59.36,6.04,0.66,27.71,19.7,35.36,3.89,0.0,69.84,0.0,0.0,0.0
RENSSELAER,,,,39.36,48.99,,84.81,,,51.01,0.0,2.17,60.64,,0.0,15.19,65.77,90.73,49,,,0.6,20.28,0.0,0.0,1.7,10.47,5.43,1.42,0.0,41.16,0.0,0.0,0.0
RICHMOND,,,,55.12,48.35,,74.61,,,51.65,0.0,0.18,44.88,,0.0,18.24,48.04,85.73,35,,,2.07,75.7,2.04,0.04,10.01,13.52,25.44,3.23,0.0,78.25,0.0,0.0,0.0
ROCKLAND,,,,37.17,49.26,,87.89,,,50.45,0.0,0.46,62.77,,0.0,11.82,46.61,88.89,50,,,8.28,65.19,2.8,0.06,7.07,13.88,28.63,1.86,0.06,26.51,6.49,0.0,0.0
SAINT LAWRENCE,,,,47.67,50.12,,72.3,,,49.38,0.0,0.0,51.83,,0.0,12.93,40.07,88.37,51,,,0.0,0.0,0.0,2.88,0.19,0.0,0.0,2.51,0.0,39.52,0.0,0.0,0.0
SARATOGA,,,,22.7,48.26,,88.29,,,51.74,0.0,0.07,77.3,,0.0,9.91,83.87,92.71,52,,,0.16,19.92,0.0,0.0,2.74,1.64,2.53,1.48,0.0,55.27,0.0,0.0,0.0
SCHENECTADY,,,,44.23,50.17,,85.26,,,49.83,0.0,0.97,55.77,,0.0,13.77,55.91,82.07,53,,,1.28,41.09,0.37,0.0,12.82,16.38,8.17,1.1,0.0,27.15,0.0,0.0,0.0
SCHOHARIE,,,,45.17,52.59,,74.16,,,47.41,0.0,0.0,53.71,,0.0,11.8,34.08,86.57,54,,,0.0,0.0,0.0,0.0,0.0,0.0,2.03,0.51,0.0,12.92,0.0,0.0,0.0
SCHUYLER,,,,40.42,49.53,,87.38,,,50.47,0.0,0.0,59.58,,0.0,12.62,31.54,93.93,55,,,0.0,0.0,0.0,0.0,0.0,0.0,0.0,1.17,0.0,14.25,0.0,0.0,0.0
SENECA,,,,46.21,48.6,,80.27,,,51.4,0.0,0.0,53.79,,0.0,13.81,83.59,87.18,56,,,0.0,0.0,0.0,0.0,0.0,0.62,1.87,3.43,0.0,39.04,0.0,0.0,0.0
STEUBEN,,,,44.68,49.31,,76.1,,,49.86,0.0,0.74,54.95,,0.0,12.09,42.37,90.24,57,,,0.0,0.0,0.0,0.0,1.29,1.66,0.14,0.83,0.0,29.1,0.0,0.0,0.0
SUFFOLK,,,,36.1,48.82,,87.09,,,51.15,0.01,0.41,63.53,,0.71,12.31,60.76,92.26,58,,,5.23,63.3,1.12,0.06,3.49,7.4,24.63,1.58,0.07,47.69,9.56,0.0,0.0
SULLIVAN,,,,53.09,48.3,,75.2,,,51.7,0.47,0.47,46.91,,8.84,13.08,57.52,85.11,59,,,3.02,44.39,0.0,0.0,0.23,9.73,20.1,2.33,0.0,46.3,0.0,0.0,0.0
TIOGA,,,,44.57,50.82,,83.61,,,49.18,0.0,0.0,55.43,,0.0,12.78,47.02,90.67,60,,,0.0,0.0,0.0,0.0,0.0,0.0,0.29,0.0,0.0,0.0,0.0,0.0,0.0
TOMPKINS,,,,34.12,47.5,,81.21,,,51.22,0.0,3.39,64.6,,0.0,10.2,56.88,91.0,61,,,0.58,28.05,0.41,0.0,5.87,3.47,2.52,0.0,0.0,0.0,0.0,0.0,0.0
ULSTER,,,,43.49,49.34,,83.72,,,50.66,0.0,1.68,56.51,,0.0,16.28,71.31,89.22,62,,,1.9,34.66,0.31,0.0,0.42,8.28,13.88,1.22,0.0,36.12,0.0,0.0,0.0
WARREN,,,,35.85,48.4,,76.13,,,51.6,0.0,0.57,62.69,,0.0,11.56,62.78,88.84,63,,,0.0,0.0,0.0,0.0,0.33,1.27,1.32,1.13,0.0,27.41,0.0,0.0,0.0
WASHINGTON,,,,40.33,49.39,,69.55,,,50.61,0.0,0.36,59.67,,0.0,12.88,37.83,84.8,64,,,0.0,0.0,0.0,0.0,0.0,0.0,0.25,0.0,0.0,0.0,0.0,0.0,0.0
WAYNE,,,,42.49,50.76,,85.04,,,49.24,0.0,1.19,57.51,,0.0,11.95,78.04,89.69,65,,,0.0,0.0,0.0,0.0,0.0,3.07,4.44,1.61,0.0,25.7,0.0,0.0,0.0
WESTCHESTER,,,,37.74,48.62,,85.81,,,51.12,0.0,0.92,52.42,,0.0,12.34,47.83,91.8,66,,,3.08,44.33,1.38,0.0,4.56,12.78,29.62,1.18,0.0,23.91,0.0,0.0,0.0
WYOMING,,,,36.83,49.31,,74.81,,,50.69,0.0,0.0,63.17,,0.0,11.32,27.51,94.6,67,,,0.0,0.0,0.0,0.0,0.0,0.0,0.0,0.0,0.0,0.0,0.0,0.0,0.0
YATES,,,,53.43,44.58,,87.0,,,55.42,0.0,0.0,46.57,,0.0,13.0,64.8,83.94,68,,,0.0,0.0,0.0,0.0,0.0,0.0,1.26,2.53,0.0,47.29,0.0,0.0,0.0
